40.76727216,-73.99392888,"W 52 St & 11 Ave"
40.71911552,-74.00666661,"Franklin St & W Broadway"
40.71117416,-74.00016545,"St James Pl & Pearl St"
40.68382604,-73.97632328,"Atlantic Ave & Fort Greene Pl"
40.74177603,-74.00149746,"W 17 St & 8 Ave"
40.69608941,-73.97803415,"Park Ave & St Edwards St"
40.68676793,-73.95928168,"Lexington Ave & Classon Ave"
40.73172428,-74.00674436,"Barrow St & Hudson St"
40.72710258,-74.00297088,"MacDougal St & Prince St"
40.761628,-73.972924,"E 56 St & Madison Ave"
40.69239502,-73.99337909,"Clinton St & Joralemon St"
40.69839895,-73.98068914,"Nassau St & Navy St"
40.71625008,-74.0091059,"Hudson St & Reade St"
40.71542197,-74.01121978,"Greenwich St & Warren St"
40.7208736,-73.98085795,"E 2 St & Avenue C"
40.7218158,-73.99720307,"Cleveland Pl & Spring St"
40.71473993,-74.00910627,"Warren St & Church St"
40.752062307,-73.9816324043,"E 40 St & 5 Ave"
40.69089272,-73.99612349,"Henry St & Atlantic Ave"
40.748238,-73.978311,"E 37 St & Lexington Ave"
40.72917025,-73.99810231,"LaGuardia Pl & W 3 St"
40.75323098,-73.97032517,"E 47 St & 2 Ave"
40.7489006,-73.97604882,"E 39 St & 3 Ave"
40.73971301,-73.99456405,"W 18 St & 6 Ave"
40.76064679,-73.98442659,"Broadway & W 49 St"
40.7381765,-73.97738662,"E 25 St & 1 Ave"
40.70905623,-74.01043382,"Liberty St & Broadway"
40.74334935,-74.00681753,"W 16 St & The High Line"
40.70037867,-73.99548059,"Columbia Heights & Cranberry St"
40.70277159,-73.99383605,"Old Fulton St"
40.69028437,-73.98707105,"Gallatin Pl & Livingston St"
40.73781509,-73.99994661,"W 13 St & 7 Ave"
40.71146364,-74.00552427,"Spruce St & Nassau St"
40.74195138,-74.00803013,"W 14 St & The High Line"
40.7546011026,-73.971878855,"E 48 St & 3 Ave"
40.72743423,-73.99379025,"Great Jones St"
40.69597683,-73.99014892,"Cadman Plaza E & Tillary St"
40.694757013639,-73.990527391434,"Cadman Plaza W & Pierrepont St"
40.7284186,-73.98713956,"St Marks Pl & 2 Ave"
40.73047309,-73.98672378,"E 11 St & 2 Ave"
40.7361967,-74.00859207,"Bank St & Washington St"
40.69196566,-73.9813018,"Willoughby St & Fleet St"
40.68981035,-73.97493121,"DeKalb Ave & S Portland Ave"
40.697787,-73.973736,"Carlton Ave & Flushing Ave"
40.688226,-73.979382,"Fulton St & Rockwell Pl"
40.69196035,-73.96536851,"Willoughby Ave & Hall St"
40.69327018,-73.97703874,"Myrtle Ave & St Edwards St"
40.73535398,-74.00483091,"Perry St & Bleecker St"
40.72185379,-74.00771779,"Laight St & Hudson St"
40.71870987,-74.0090009,"Harrison St & Hudson St"
40.72456089,-73.99565293,"Lafayette St & Jersey St"
40.72317958,-73.99480012,"Mott St & Prince St"
40.73226398,-73.99852205,"MacDougal St & Washington Sq"
40.73543934,-73.99453948,"W 13 St & 5 Ave"
40.73532427,-73.99800419,"W 11 St & 6 Ave"
40.71939226,-74.00247214,"Lispenard St & Broadway"
40.68940747,-73.96885458,"DeKalb Ave & Vanderbilt Ave"
40.70122128,-74.01234218,"South St & Whitehall St"
40.70365182,-74.01167797,"Broad St & Bridge St"
40.69474881,-73.98362464,"Johnson St & Gold St"
40.6917823,-73.9737299,"Washington Park"
40.71729,-73.996375,"Elizabeth St & Hester St"
40.70706456,-74.00731853,"Maiden Ln & Pearl St"
40.72229346,-73.99147535,"Stanton St & Chrystie St"
40.72368361,-73.97574813,"Avenue D & E 8 St"
40.75097711,-73.98765428,"Broadway & W 36 St"
40.71910537,-73.99973337,"Howard St & Centre St"
40.69308257,-73.97178913,"Adelphi St & Myrtle Ave"
40.68528172,-73.97805813,"Ashland Pl & Hanson Pl"
40.68691865,-73.976682,"Lafayette Ave & Fort Greene Pl"
40.68650065,-73.96563307,"Washington Ave & Greene Ave"
40.71748752,-74.0104554,"Duane St & Greenwich St"
40.69766564,-73.98476437,"Concord St & Bridge St"
40.707873,-74.00167,"Peck Slip & Front St"
40.73331967,-73.99510132,"E 10 St & 5 Ave"
40.7643971,-73.97371465,"Grand Army Plaza & Central Park S"
40.70827295,-73.96834101,"Kent Ave & S 11 St"
40.7390169121,-74.0026376103,"Greenwich Ave & 8 Ave"
40.73454567,-73.99074142,"Broadway & E 14 St"
40.6845683,-73.95881081,"Monroe St & Classon Ave"
40.76020258,-73.96478473,"2 Ave & E 58 St"
40.713126,-73.984844,"Madison St & Montgomery St"
40.73028666,-73.9907647,"Lafayette St & E 8 St"
40.73049393,-73.9957214,"Washington Square E"
40.71406667,-73.99293911,"Pike St & E Broadway"
40.71413089,-73.9970468,"Division St & Bowery"
40.734232,-73.986923,"E 15 St & 3 Ave"
40.68683208,-73.9796772,"3 Ave & Schermerhorn St"
40.728145,-73.990214,"Shevchenko Pl & E 7 St"
40.72217444,-73.98368779,"E 2 St & Avenue B"
40.72082834,-73.97793172,"Avenue D & E 3 St"
40.72362738,-73.99949601,"Mercer St & Spring St"
40.70463334,-74.01361706,"Broadway & Battery Pl"
40.76095756,-73.96724467,"E 58 St & 3 Ave"
40.70823502,-74.00530063,"Cliff St & Fulton St"
40.71427487,-73.98990025,"Canal St & Rutgers St"
40.71307916,-73.99851193,"St James Pl & Oliver St"
40.7149787,-74.013012,"Murray St & West St"
40.68926942,-73.98912867,"State St & Smith St"
40.7172274,-73.98802084,"Norfolk St & Broome St"
40.722055,-73.989111,"Allen St & E Houston St"
40.69610226,-73.96751037,"Washington Ave & Park Ave"
40.69383,-73.990539,"Cadman Plaza West & Montague St"
40.70355377,-74.00670227,"South St & Gouverneur Ln"
40.70955958,-74.00653609,"Fulton St & William St"
40.72453734,-73.98185424,"E 6 St & Avenue B"
40.75320159,-73.9779874,"E 43 St & Vanderbilt Ave"
40.711066,-74.009447,"Fulton St & Broadway"
40.717571,-74.005549,"Leonard St & Church St"
40.69991755,-73.98971773,"Cadman Plaza E & Red Cross Pl"
40.696192,-73.991218,"Clinton St & Tillary St"
40.69236178,-73.98631746,"Lawrence St & Willoughby St"
40.689888,-73.981013,"DeKalb Ave & Hudson Ave"
40.73624527,-73.98473765,"E 19 St & 3 Ave"
40.72953837,-73.98426726,"E 11 St & 1 Ave"
40.7153379,-74.01658354,"Vesey Pl & River Terrace"
40.72405549,-74.00965965,"Watts St & Greenwich St"
40.72043411,-74.01020609,"Greenwich St & N Moore St"
40.71450451,-74.00562789,"Reade St & Broadway"
40.71173107,-73.99193043,"Pike St & Monroe St"
40.71219906,-73.97948148,"Cherry St"
40.74238787,-73.99726235,"W 20 St & 7 Ave"
40.72903917,-73.99404649,"Washington Pl & Broadway"
40.73047747,-73.99906065,"Sullivan St & Washington Sq"
40.7037992,-74.00838676,"Old Slip & Front St"
40.72580614,-73.97422494,"Avenue D & E 12 St"
40.71269042,-73.98776323,"Madison St & Clinton St"
40.71782143,-73.97628939,"Stanton St & Mangin St"
40.71739973,-73.98016555,"Columbia St & Rivington St"
40.69794,-73.96986848,"Clinton Ave & Flushing Ave"
40.6851443,-73.95380904,"Monroe St & Bedford Ave"
40.73649403,-73.99704374,"W 13 St & 6 Ave"
40.73652889,-74.00618026,"Bank St & Hudson St"
40.728846,-74.008591,"Greenwich St & W Houston St"
40.72490985,-74.00154702,"W Broadway & Spring St"
40.71850211,-73.98329859,"Rivington St & Ridge St"
40.71559509,-73.9870295,"Clinton St & Grand St"
40.70530954,-74.00612572,"Front St & Maiden Ln"
40.76340613,-73.97722479,"W 56 St & 6 Ave"
40.68539567,-73.97431458,"S Portland Ave & Hanson Pl"
40.69363137,-73.96223558,"Emerson Pl & Myrtle Ave"
40.71602118,-73.99974372,"Bayard St & Baxter St"
40.71622644,-73.98261206,"Bialystoker Pl & Delancey St"
40.73261787,-73.99158043,"E 11 St & Broadway"
40.73291553,-74.00711384,"Christopher St & Greenwich St"
40.75510267,-73.97498696,"E 47 St & Park Ave"
40.70717936,-74.00887308,"William St & Pine St"
40.71605866,-73.99190759,"Allen St & Hester St"
40.75172632,-73.98753523,"Broadway & W 37 St"
40.70834698,-74.01713445,"West Thames St"
40.68900443,-73.96023854,"Lafayette Ave & Classon Ave"
40.68223166,-73.9614583,"Fulton St & Grand Ave"
40.693261,-73.968896,"Clinton Ave & Myrtle Ave"
40.75828065,-73.97069431,"E 53 St & Lexington Ave"
40.73038599,-74.00214988,"Carmine St & 6 Ave"
40.73224119,-74.00026394,"Washington Pl & 6 Ave"
40.694528,-73.958089,"Franklin Ave & Myrtle Ave"
40.69331716,-73.95381995,"Willoughby Ave & Walworth St"
40.72679454,-73.99695094,"Mercer St & Bleecker St"
40.70862144,-74.00722156,"John St & William St"
40.72243797,-74.00566443,"6 Ave & Canal St"
40.749156,-73.9916,"W 31 St & 7 Ave"
40.73401143,-74.00293877,"W 4 St & 7 Ave S"
40.73492695,-73.99200509,"University Pl & E 14 St"
40.735238,-74.000271,"Greenwich Ave & Charles St"
40.683048,-73.964915,"Fulton St & Washington Ave"
40.75797322,-73.96603308,"E 55 St & 2 Ave"
40.71494807,-74.00234482,"Centre St & Worth St"
40.71273266,-74.0046073,"Centre St & Chambers St"
40.749717753,-74.002950346,"W 26 St & 10 Ave"
40.71044554,-73.96525063,"Broadway & Berry St"
40.69221589,-73.9842844,"Duffield St & Willoughby St"
40.69760127,-73.99344559,"Clark St & Henry St"
40.695065,-73.987167,"Jay St & Tech Pl"
40.72299208,-73.97995466,"E 5 St & Avenue C"
40.72521311,-73.97768752,"E 9 St & Avenue C"
40.68807003,-73.98410637,"Bond St & Schermerhorn St"
40.680342423,-73.9557689392,"Lefferts Pl & Franklin Ave"
40.68415748,-73.96922273,"Fulton St & Clermont Ave"
40.69165183,-73.9999786,"Atlantic Ave & Furman St"
40.68851534,-73.9647628,"Lafayette Ave & St James Pl"
40.71926081,-73.98178024,"Pitt St & Stanton St"
40.72019576,-73.98997825,"Allen St & Rivington St"
40.7403432,-73.98955109,"Broadway & E 22 St"
40.72502876,-73.99069656,"E 2 St & 2 Ave"
40.7405826,-74.00550867,"9 Ave & W 14 St"
40.739323,-74.008119,"Washington St & Gansevoort St"
40.69512845,-73.99595065,"Hicks St & Montague St"
40.700469,-73.991454,"Henry St & Poplar St"
40.71076228,-73.99400398,"Market St & Cherry St"
40.6906495,-73.95643107,"DeKalb Ave & Skillman St"
40.72066442,-73.98517977,"Suffolk St & Stanton St"
40.72228087,-73.97668709,"E 6 St & Avenue D"
40.7158155,-73.99422366,"Forsyth St & Canal St"
40.70281858,-73.98765762,"Pearl St & Anchorage Pl"
40.7047177,-74.00926027,"Pearl St & Hanover Square"
40.68753406,-73.97265183,"Cumberland St & Lafayette Ave"
40.71291224,-74.01020234,"Barclay St & Church St"
40.70224,-73.982578,"Front St & Gold St"
40.69580705,-73.97355569,"Carlton Ave & Park Ave"
40.68764484,-73.96968902,"Clermont Ave & Lafayette Ave"
40.69573398,-73.97129668,"Clermont Ave & Park Ave"
40.770513,-73.988038,"W 59 St & 10 Ave"
40.76584941,-73.98690506,"W 54 St & 9 Ave"
40.71754834,-74.01322069,"West St & Chambers St"
40.701907,-74.013942,"Bus Slip & State St"
40.72467721,-73.98783413,"E 3 St & 1 Ave"
40.7014851,-73.98656928,"York St & Jay St"
40.68864636,-73.98263429,"Hanover Pl & Livingston St"
40.72621788,-73.98379855,"E 7 St & Avenue A"
40.72955361,-73.98057249,"E 13 St & Avenue A"
40.74317449,-74.00366443,"9 Ave & W 18 St"
40.74173969,-73.99415556,"W 21 St & 6 Ave"
40.68216564,-73.95399026,"Hancock St & Bedford Ave"
40.6809833854,-73.9500479759,"Macon St & Nostrand Ave"
40.72779126,-73.98564945,"St Marks Pl & 1 Ave"
40.7262807,-73.98978041,"E 4 St & 2 Ave"
40.75255434,-73.97282625,"E 45 St & 3 Ave"
40.756014,-73.967416,"E 52 St & 2 Ave"
40.746647,-73.993915,"W 27 St & 7 Ave"
40.70853074,-73.96408963,"Bedford Ave & S 9 St"
40.7423543,-73.98915076,"Broadway & W 24 St"
40.72740794,-73.98142006,"E 10 St & Avenue A"
40.74487634,-73.99529885,"W 24 St & 7 Ave"
40.76370739,-73.9851615,"8 Ave & W 52 St"
40.75660359,-73.9979009,"W 37 St & 10 Ave"
40.76461837,-73.98789473,"W 52 St & 9 Ave"
40.76227205,-73.98788205,"W 49 St & 8 Ave"
40.74475148,-73.99915362,"W 22 St & 8 Ave"
40.75455731,-73.96592976,"E 51 St & 1 Ave"
40.75001986,-73.96905301,"1 Ave & E 44 St"
40.7597108,-73.97402311,"E 53 St & Madison Ave"
40.76695317,-73.98169333,"Broadway & W 58 St"
40.751396,-74.005226,"11 Ave & W 27 St"
40.746745,-74.007756,"W 20 St & 11 Ave"
40.71285887,-73.96590294,"S 4 St & Wythe Ave"
40.73587678,-73.98205027,"E 20 St & 2 Ave"
40.74691959,-74.00451887,"W 22 St & 10 Ave"
40.74206539,-74.00443172,"9 Ave & W 16 St"
40.75934501,-73.96759673,"E 56 St & 3 Ave"
40.75513557,-73.98658032,"Broadway & W 41 St"
40.74395411,-73.99144871,"W 25 St & 6 Ave"
40.68312489,-73.97895137,"Dean St & 4 Ave"
40.7652654,-73.98192338,"Broadway & W 55 St"
40.76344058,-73.98268129,"Broadway & W 53 St"
40.74345335,-74.00004031,"W 20 St & 8 Ave"
40.71286844,-73.95698119,"Grand St & Havemeyer St"
40.7457121,-73.98194829,"E 32 St & Park Ave"
40.72110063,-73.9919254,"Rivington St & Chrystie St"
40.7451677,-73.98683077,"5 Ave & E 29 St"
40.73524276,-73.98758561,"E 16 St & Irving Pl"
40.74394314,-73.97966069,"E 31 St & 3 Ave"
40.75640548,-73.9900262,"W 41 St & 8 Ave"
40.76030096,-73.99884222,"11 Ave & W 41 St"
40.76019252,-73.9912551,"9 Ave & W 45 St"
40.76669671,-73.99061728,"W 53 St & 10 Ave"
40.71260486,-73.96264403,"S 3 St & Bedford Ave"
40.73935542,-73.99931783,"W 15 St & 7 Ave"
40.73223272,-73.98889957,"E 12 St & 3 Ave"
40.75500254,-73.98014437,"W 44 St & 5 Ave"
40.75038009,-73.98338988,"W 37 St & 5 Ave"
40.7462009,-73.98855723,"Broadway & W 29 St"
40.73314259,-73.97573881,"E 20 St & FDR Drive"
40.75645824,-73.99372222,"W 39 St & 9 Ave"
40.75066386,-74.00176802,"10 Ave & W 28 St"
40.751551,-73.993934,"8 Ave & W 33 St"
40.74096374,-73.98602213,"E 24 St & Park Ave S"
40.75019995,-73.99093085,"W 33 St & 7 Ave"
40.7568001,-73.98291153,"W 45 St & 6 Ave"
40.74734825,-73.99723551,"W 26 St & 8 Ave"
40.76269882,-73.99301222,"W 47 St & 10 Ave"
40.73726186,-73.99238967,"E 16 St & 5 Ave"
40.73704984,-73.99009296,"E 17 St & Broadway"
40.74854862,-73.98808416,"Broadway & W 32 St"
40.76915505,-73.98191841,"Broadway & W 60 St"
40.76228826,-73.98336183,"Broadway & W 51 St"
40.744219,-73.97121214,"FDR Drive & E 35 St"
40.714215,-73.981346,"Henry St & Grand St"
40.73827428,-73.98751968,"E 20 St & Park Ave"
40.73221853,-73.98165557,"1 Ave & E 15 St"
40.74901271,-73.98848395,"6 Ave & W 33 St"
40.73912601,-73.97973776,"E 25 St & 2 Ave"
40.76341379,-73.99667444,"W 46 St & 11 Ave"
40.7454973,-74.00197139,"9 Ave & W 22 St"
40.7606597,-73.98042047,"W 51 St & 6 Ave"
40.72938685,-73.97772429,"E 14 St & Avenue B"
40.7500727,-73.99839279,"W 29 St & 9 Ave"
40.768254,-73.988639,"W 56 St & 10 Ave"
40.76087502,-74.00277668,"12 Ave & W 40 St"
40.76009437,-73.99461843,"W 43 St & 10 Ave"
40.75206862,-73.96784384,"E 47 St & 1 Ave"
40.751581,-73.97791,"Pershing Square South"
40.74780373,-73.9734419,"E 39 St & 2 Ave"
40.751873,-73.977706,"Pershing Square North"
40.75992262,-73.97648516,"W 52 St & 5 Ave"
40.750967348716,-73.994442075491,"8 Ave & W 31 St"
40.75714758,-73.97207836,"E 51 St & Lexington Ave"
40.75466591,-73.99138152,"W 38 St & 8 Ave"
40.75527307,-73.98316936,"W 43 St & 6 Ave"
40.75594159,-74.0021163,"W 34 St & 11 Ave"
40.74765947,-73.98490707,"E 33 St & 5 Ave"
40.744023,-73.976056,"E 33 St & 2 Ave"
40.74290902,-73.97706058,"2 Ave & E 31 St"
40.7575699,-73.99098507,"W 42 St & 8 Ave"
40.771522,-73.990541,"11 Ave & W 59 St"
40.71893904,-73.99266288,"Forsyth St & Broome St"
40.710451,-73.960876,"S 5 Pl & S 4 St"
40.75299641,-73.98721619,"Broadway & W 39 St"
40.70255065,-74.0127234,"Water - Whitehall Plaza"
40.74144387,-73.97536082,"1 Ave & E 30 St"
40.74025878,-73.98409214,"Lexington Ave & E 24 St"
40.75666,-73.976684,"E 48 St & Madison Ave"
40.71534825,-73.96024116,"Metropolitan Ave & Bedford Ave"
40.743115553765,-73.982153534889,"Lexington Ave & E 29 St"
40.736502,-73.97809472,"E 23 St & 1 Ave"
40.74444921,-73.98303529,"E 30 St & Park Ave S"
40.70255088,-73.98940236,"Front St & Washington St"
40.699773,-73.979927,"Sands St & Navy St"
40.716887,-73.963198,"Wythe Ave & Metropolitan Ave"
40.733812191966,-73.98054420948,"1 Ave & E 18 St"
40.724399,-74.004704,"6 Ave & Broome St"
40.70531194,-73.97100056,"Railroad Ave & Kay Ave"
40.76590936,-73.97634151,"Central Park S & 6 Ave"
40.70569254,-74.01677685,"Little West St & 1 Pl"
40.71117444,-73.99682619,"Catherine St & Monroe St"
40.72165481,-74.00234737,"Grand St & Greene St"
40.739445,-73.976806,"E 27 St & 1 Ave"
40.75022392,-73.97121414,"E 43 St & 2 Ave"
40.75929124,-73.98859651,"W 45 St & 8 Ave"
40.759107,-73.959223,"E 60 St & York Ave"
40.75968085,-73.97031366,"E 55 St & Lexington Ave"
40.711512,-74.015756,"South End Ave & Liberty St"
40.67890679,-73.94142771,"Coming soon: Kingston Ave & Herkimer St"
40.6794268,-73.9298911,"Coming soon: Fulton St & Utica Ave"
40.6814598,-73.934903,"Coming soon: Lewis Ave & Decatur St"
40.6800105,-73.938475,"Coming soon: Albany Ave & Fulton St"
40.6805255,-73.946362,"Coming soon: Marcy Ave & Fulton St"
40.682601,-73.938037,"Coming soon: Marcus Garvey Blvd & Macon St"
40.6823687,-73.944118,"Coming soon: Halsey St & Tompkins Ave"
40.68402,-73.94977,"Coming soon: Putnam Ave & Nostrand Ave"
40.68488,-73.96304,"Coming soon: Cambridge Pl & Gates Ave"
40.6851532,-73.94111,"Coming soon: Putnam Ave & Throop Ave"
40.68668,-73.94733,"Coming soon: Gates Ave & Marcy Ave"
40.686312,-73.935775,"Coming soon: Lewis Ave & Madison St"
40.6900815,-73.947915,"Coming soon: Marcy Ave & Lafayette Ave"
40.6894932,-73.942061,"Coming soon: Greene Ave & Throop Ave"
40.6883337,-73.950916,"Coming soon: Greene Ave & Nostrand Ave"
40.69072549,-73.95133465,"Coming soon: Kosciuszko St & Nostrand Ave"
40.69128258,-73.9452416,"Coming soon: Kosciuszko St & Tompkins Ave"
40.69237074,-73.93705428,"Coming soon: Lewis Ave & Kosciuszko St"
40.6933982,-73.939877,"Coming soon: Pulaski St & Marcus Garvey Blvd"
40.69425403,-73.94626915,"Coming soon: Willoughby Ave & Tompkins Ave"
40.69622937,-73.94371094,"Coming soon: Throop Ave & Myrtle Ave"
40.69539817,-73.94954908,"Coming soon: Myrtle Ave & Marcy Ave"
40.69527008,-73.95238108,"Coming soon: Nostrand Ave & Myrtle Ave"
40.69681963,-73.93756926,"Coming soon: Myrtle Ave & Lewis Ave"
40.70029511,-73.95032283,"Union Ave & Wallabout St"
40.69957608,-73.94708417,"Coming soon: Tompkins Ave & Hopkins St"
40.7016657,-73.9437303,"Coming soon: Broadway & Whipple St"
40.7031724,-73.940636,"Humboldt St & Varet St"
40.70411791,-73.94818595,"Lorimer St & Broadway"
40.70510918,-73.94407279,"McKibbin St & Manhattan Ave"
40.70538077,-73.94976519,"Boerum St & Broadway"
40.70583339,-73.94644578,"Leonard St & Boerum St"
40.70691254,-73.95441667,"Division Ave & Hooper St"
40.70767788,-73.94016171,"Montrose Ave & Bushwick Ave"
40.70708701,-73.95796783,"Division Ave & Marcy Ave"
40.70870368,-73.9448625,"Scholes St & Manhattan Ave"
40.70877084,-73.95095259,"Stagg St & Union Ave"
40.70925562,-73.95982218,"Coming soon: Broadway & Roebling St"
40.71103537,-73.94714303,"Leonard St & Grand St"
40.70934,-73.95608,"Coming soon: S 4 St & Rodney St"
40.711863,-73.944024,"Graham Ave & Grand St"
40.71167351,-73.95141312,"Coming soon: Hope St & Union Ave"
40.71247661,-73.94100005,"Bushwick Ave & Powers St"
40.71348658,-73.94792458,"Devoe St & Leonard St"
40.71469,-73.95739,"Coming soon: Roebling St & N 4 St"
40.715143,-73.944507,"Coming soon: Graham Ave & Conselyea St"
40.71413311,-73.95234386,"Metropolitan Ave & Meeker Ave"
40.7160751,-73.952029,"Union Ave & Jackson St"
40.71680271,-73.94824171,"Coming soon: Leonard St & Withers St"
40.71774592,-73.95600096,"N 8 St & Driggs Ave"
40.71764,-73.94882,"Frost St & Meeker St"
40.7190095,-73.95852515,"Berry St & N 8 St"
40.71745169,-73.95850939,"Coming soon: N 6 St & Bedford Ave"
40.7169811,-73.94485918,"Graham Ave & Withers St"
40.71929301,-73.94500379,"Graham Ave & Herbert St"
40.71924,-73.95242,"Coming soon: Union Ave & N 12 St"
40.71921585,-73.9424469,"N Henry St & Richardson St"
40.71928,-73.94861,"Leonard St & Bayard St"
40.72038,-73.94769,"Coming soon: Eckford St & Manhattan Ave"
40.7204,-73.95016,"Coming soon: Lorimer St & Bayard St"
40.72079821,-73.95484712,"N 12 St & Bedford Ave"
40.72179134,-73.9504154,"Driggs Ave & Lorimer St"
40.72153267,-73.95782357,"N 11 St & Wythe Ave"
40.72057658,-73.96150225,"Kent Ave & N 7 St"
40.724055,-73.955736,"Coming soon: N 15 St & Wythe Ave"
40.72325,-73.94308,"Driggs Ave & N Henry St"
40.72311651,-73.95212324,"Bedford Ave & Nassau Ave"
40.72557,-73.94434,"Nassau Ave & Russell St"
40.72606,-73.95621,"Banker St & Meserole Ave"
40.72708584,-73.95299117,"Meserole Ave & Manhattan Ave"
40.7258483,-73.95064893,"Norman Ave & Leonard St"
40.72906,-73.95779,"Milton St & Franklin St"
40.73026,-73.95394,"Greenpoint Ave & Manhattan Ave"
40.73165141,-73.96161892,"Coming soon: India St & East River"
40.73232194,-73.9550858,"India St & Manhattan Ave"
40.73266,-73.95826,"Coming soon: Huron St & Franklin St"
40.73564,-73.95866,"Franklin St & Dupont St"
40.73555,-73.95284,"McGuinness Blvd & Eagle St"
40.74232744,-73.95411749,"Vernon Blvd & 50 Ave"
40.74161,-73.96044,"Center BlvdÂ & Borden Ave"
40.74524768,-73.94733276,"Jackson Ave & 46 Rd"
40.74469738,-73.93540375,"31 St & Thomson Ave"
40.74731,-73.95451,"46 Ave & 5 St"
40.74708586,-73.94977234,"45 Rd & 11 St"
40.74718234,-73.9432635,"44 Dr & Jackson Ave"
40.74966,-73.9521,"9 St & 44 Rd"
40.75052534,-73.94594845,"Coming soon: 21 St & 43 Ave"
40.75110165,-73.94073717,"Queens Plaza North & Crescent St"
40.75325964,-73.94335788,"21 St & Queens Plaza North"
40.76120833,-73.95748565,"Coming soon: E 63 St & York Ave "
40.76350532,-73.97109243,"Coming soon: E 59 St & Madison Ave "
40.76735637,-73.96493528,"Coming soon: E 67 St & Lexington Ave "
40.76312584,-73.96526895,"Coming soon: 3 Ave & E 62 St "
40.77112927,-73.95772297,"Coming soon: E 75 St & 3 Ave "
40.76650452,-73.97147595,"Coming soon: 5 Ave & E 63 St "
40.77282817,-73.96685276,"Coming soon: 5 Ave & E 73 St "
40.77383304,-73.96238658,"Coming soon: E 76 St & Park Ave "
40.77122923,-73.96432627,"Coming soon: E 72 St & Park Ave "
40.77140426,-73.9535166,"Coming soon: 1 Ave & E 78 St "
40.76500525,-73.95818491,"Coming soon: 1 Ave & E 68 St "
40.7612274,-73.96094022,"Coming soon: 1 Ave & E 62 St"
40.77813798,-73.96246625,"Coming soon: E 81 St & 5 Ave "
40.77677702,-73.9590097,"Coming soon: E 81 St & Park Ave "
40.77862688,-73.95772073,"Coming soon: E 84 St & Park Ave "
40.77573034,-73.9567526,"Coming soon: E 81 St & 3 Ave"
40.77801203,-73.95407149,"Coming soon: E 85 St & 3 Ave "
40.77565541,-73.95068615,"Coming soon: E 84 St & 1 Ave"
40.77517793,-73.95324922,"Coming soon: E 82 St & 2 Ave"
40.77536905,-73.94803392,"Coming soon: E 85 St & York Ave"
40.7728384,-73.94989233,"Coming soon: E 81 St & York Ave "
40.76873687,-73.96119945,"Coming soon: 3 Ave & E 71 St"
40.76783061,-73.95894421,"Coming soon: 2 Ave & E 71 St "
40.77314236,-73.95856158,"Coming soon: E 77 St & 3 Ave"
40.76440023,-73.96648977,"Coming soon: Lexington Ave & E 63 St "
40.76663814,-73.95348296,"Coming soon: E 72 St & York Ave "
40.77518615,-73.94446054,"Coming soon: East End Ave & E 86 St "
40.77163851,-73.98261428,"Coming soon: W 63 St & Broadway"
40.77492513,-73.98266566,"Coming soon: W 67 St & Broadway "
40.77896784,-73.97374737,"Coming soon: Central Park West & W 76 St"
40.78148785,-73.97639572,"Coming soon: W 78 St & Columbus Ave "
40.78339981,-73.98093133,"Coming soon: W 78 St & Broadway "
40.7734066,-73.97782542,"Coming soon: Central Park West & W 68 St "
40.7770575,-73.97898475,"Coming soon: Columbus Ave & W 72 St"
40.77575319,-73.97603963,"Coming soon: Central Park West & W 72 St"
40.78073587,-73.98559717,"Coming soon: Riverside Dr & W 72 St "
40.78007363,-73.98114462,"Coming soon: W 74 St & Broadway"
40.78472675,-73.96961715,"Coming soon: Central Park West & W 85 St "
40.78720869,-73.98128127,"Coming soon: Riverside Dr & W 82 St"
40.78499979,-73.97283406,"Coming soon: W 84 St & Columbus Ave "
40.78524672,-73.97667321,"Coming soon: Amsterdam Ave & W 82 St "
40.7785669,-73.97754961,"Coming soon: W 74 St & Columbus Ave"
40.77734066,-73.98859868,"Coming soon: W 67 St & Riverside Blvd"
40.78346353,-73.97485883,"Coming soon: W 81 St & Columbus Ave "
40.77748046,-73.98288594,"Coming soon: W 70 St & Amsterdam Ave "
40.77452835,-73.98753759,"Coming soon: W 64 St & West End Ave"
40.7867947,-73.977112,"Coming soon: W 84 St & Broadway "
40.78414472,-73.98362492,"Coming soon: Riverside Dr & W 78 St"
40.698617,-73.941342,"Coming soon: Park Ave & Marcus Garvey Blvd"
40.69878,-73.99712,"Brooklyn Bridge Park - Pier 2"
40.692609,-74.016398,"Soissons Landing"
40.686931,-74.016966,"Yankee Ferry Terminal"
40.7162469,-74.0334588,"Exchange Place"
40.7141454,-74.0335519,"Paulus Hook"
40.7177325,-74.043845,"City Hall"
40.7192789,-74.0424515,"Grove St PATH"
40.7211236,-74.03805095,"Washington Blvd"
40.7091452,-74.0861006,"Jersey City University"
40.714402,-74.0887726,"West Side Light Rail"
40.7108044,-74.0714882,"Garfield Ave Light Rail"
40.7182113,-74.0836394,"Union & Kennedy"
40.7112423,-74.0557013,"Liberty Light Rail"
40.7239346,-74.0788434,"Lincoln Park"
40.7256033,-74.06763,"McGinley Square"
40.7309459,-74.0638906,"Sip Ave"
40.7443187,-74.0439909,"Riverview Park"
40.752559,-74.044725,"North St and Hancock Ave"
40.7485362,-74.0403131,"Heights Elevator"
40.7287448,-74.0321082,"Newport Pkwy"
40.7111305,-74.0788855,"MLK Light Rail"
40.7377106,-74.066921,"Dey St"
40.7272235,-74.0337589,"Newport PATH"
40.727595966,-74.044247311,"Hamilton Park"
40.687985,-74.074741,"Port Liberte"
40.7165271,-74.049425,"Medical Center"
40.7311689,-74.0575736,"Hilltop"
40.7376037,-74.0524783,"Oakland Ave"
40.733040553,-74.062468449,"Journal Square"
40.7241765,-74.0506564,"Brunswick St"
40.742677141,-74.051788633,"Pershing Park"
40.72152515,-74.046304543,"Newark Ave"
40.734785818,-74.050443636,"Christ Hospital"
40.71848892,-74.047726625,"Van Vorst Park"
40.713009072,-74.038083452,"Essex Light Rail"
40.747875937,-74.055892148,"Leonard Gordon Park"
40.696965897,-74.097515662,"Columbia Park"
40.698650544,-74.082079678,"Bayside Park"
40.735296366339,-74.06329035759,"John F Kennedy Blvd"
